<?xml version="1.0" encoding="UTF-8"?>
<window>
	<!-- <defaultcontrol>2000</defaultcontrol> -->
	<controls>
		<control type="image">
			<description>background</description>
			<left>0</left>
			<top>0</top>
			<width>1920</width>
			<height>1080</height>
			<texture>common/black.png</texture>
		</control>
		<control type="image">
			<left>0</left>
			<top>0</top>
			<width>1920</width>
			<height>1080</height>
			<texture colordiffuse="40FFFFFF">$INFO[Window().Property(zwpseudo.fanart)]</texture>
		</control>
		<control type="image">
			<description>clearlogo</description>
			<centerleft>50%</centerleft>
			<top>5</top>
			<width max="480">auto</width>
			<height>140</height>
			<aspectratio>keep</aspectratio>
			<texture background="true">$INFO[Window().Property(zwpseudo.clearlogo)]</texture>
			<animation effect="zoom" start="0,100" end="90" time="1000" delay="350" center="auto" tween="back" easing="out">WindowOpen</animation>
		</control>
		<control type="image">
			<left>360r</left>
			<top>0</top>
			<width>50</width>
			<height>150</height>
			<aspectratio>keep</aspectratio>
			<texture>common/icon.png</texture>
		</control>
		<control type="label">
			<description>sources label</description>
			<left>300r</left>
			<top>0</top>
			<width max="280">auto</width>
			<height>150</height>
			<font>font14</font>
			<textcolor>white</textcolor>
			<align>left</align>
			<aligny>center</aligny>
			<scroll>false</scroll>
			<label>$INFO[Window().Property(zwpseudo.total_results),[B],[/B]] RESULTS</label>
		</control>
		<control type="label">
			<description>episode details</description>
			<top>0</top>
			<width>545</width>
			<height>150</height>
			<font>font14</font>
			<textcolor>white</textcolor>
			<align>center</align>
			<aligny>center</aligny>
			<autoscroll>false</autoscroll>
			<label>[B]$INFO[Window().Property(zwpseudo.details)][/B]</label>
			<visible>!String.IsEmpty(Window().Property(zwpseudo.season))</visible>
		</control>
		<control type="label">
			<description>movie details</description>
			<top>0</top>
			<width>545</width>
			<height>150</height>
			<font>font14</font>
			<textcolor>white</textcolor>
			<align>center</align>
			<aligny>center</aligny>
			<autoscroll>false</autoscroll>
			<label>[B]$INFO[Window().Property(zwpseudo.details)][/B]</label>
			<visible>String.IsEmpty(Window().Property(zwpseudo.season))</visible>
		</control>
		<control type="image">
			<description>poster</description>
			<left>25</left>
			<top>150</top>
			<width>486</width>
			<height>729</height>
			<aspectratio aligny="top">keep</aspectratio>
			<texture background="true">$INFO[Window().Property(zwpseudo.poster)]</texture>
			<bordertexture border="-4" infill="false" colordiffuse="$INFO[Window().Property(zwpseudo.highlight.color)]">common/white.png</bordertexture>
			<visible>!String.IsEqual(Window().Property(zwpseudo.wide_list),true)</visible>
		</control>
		<control type="group">
			<visible>!String.IsEqual(Window().Property(zwpseudo.wide_list),true)</visible>
			<left>552</left>
			<width>1343</width>
			<control type="fixedlist" id="2000">
				<focusposition>3</focusposition>
				<movement>4</movement>
				<description>Source Select List</description>
				<viewtype>list</viewtype>
				<left>0</left>
				<top>150</top>
				<width>1343</width>
				<height>800</height>
				<scrolltime tween="sine">400</scrolltime>
				<orientation>Vertical</orientation>
				<itemlayout height="100">
					<control type="image">
						<description>Quality Icon</description>
						<left>0</left>
						<top>0</top>
						<width>100</width>
						<height>100</height>
						<aspectratio>keep</aspectratio>
						<texture colordiffuse="80FFFFFF">$INFO[ListItem.Property(zwpseudo.quality_icon)]</texture>
					</control>
					<control type="group">
						<left>110</left>
						<top>50</top>
						<width>1240</width>
						<height>25</height>
						<control type="label">
							<description>Line1 link name</description>
							<top>-35</top>
							<font>font12</font>
							<textcolor>white</textcolor>
							<align>left</align>
							<aligny>top</aligny>
							<label>[B][COLOR $INFO[Window().Property(zwpseudo.highlight.color)]]$INFO[ListItem.Property(zwpseudo.count)]  $INFO[ListItem.Property(zwpseudo.name)][/COLOR][/B]</label>
							<visible>!String.Contains(ListItem.Property(zwpseudo.source),UNCACHED)</visible>
						</control>
						<control type="label">
							<description>Line1 link name UNCACHED TORRENTS</description>
							<top>-35</top>
							<font>font12</font>
							<textcolor>FF696969</textcolor>
							<align>left</align>
							<aligny>top</aligny>
							<label>[B]$INFO[ListItem.Property(zwpseudo.count)]  $INFO[ListItem.Property(zwpseudo.name)][/B]</label>
							<visible>String.Contains(ListItem.Property(zwpseudo.source),UNCACHED)</visible>
						</control>
						<control type="label">
							<description>Line2 link name LOAD UNCACHED TORRENTS</description>
							<font>font13</font>
							<textcolor>FF696969</textcolor>
							<align>left</align>
							<aligny>top</aligny>
							<label>$INFO[ListItem.Property(zwpseudo.size_label)] UNCACHED TORRENTS</label>
							<visible>String.IsEqual(ListItem.Property(zwpseudo.source),LOAD UNCACHED TORRENTS)</visible>
						</control>
						<control type="label">
							<description>Line2 cloud file</description>
							<font>font13</font>
							<textcolor>white</textcolor>
							<align>left</align>
							<aligny>top</aligny>
							<label>$INFO[ListItem.Property(zwpseudo.size_label)]   [COLOR $INFO[Window().Property(zwpseudo.highlight.color)]]|[/COLOR]   $INFO[ListItem.Property(zwpseudo.debrid)]   [COLOR $INFO[Window().Property(zwpseudo.highlight.color)]]|[/COLOR]   $INFO[ListItem.Property(zwpseudo.source)]</label>
							<visible>String.IsEqual(ListItem.Property(zwpseudo.source),CLOUD)</visible>
						</control>
						<control type="label">
							<description>Line2 cached torrents</description>
							<font>font13</font>
							<textcolor>white</textcolor>
							<align>left</align>
							<aligny>top</aligny>
							<label>$INFO[ListItem.Property(zwpseudo.size_label)]   [COLOR $INFO[Window().Property(zwpseudo.highlight.color)]]|[/COLOR]   $INFO[ListItem.Property(zwpseudo.debrid)]   [COLOR $INFO[Window().Property(zwpseudo.highlight.color)]]|[/COLOR]   $INFO[ListItem.Property(zwpseudo.provider)]   [COLOR $INFO[Window().Property(zwpseudo.highlight.color)]]|[/COLOR]   $INFO[ListItem.Property(zwpseudo.source)]   [COLOR $INFO[Window().Property(zwpseudo.highlight.color)]]|[/COLOR]   $INFO[ListItem.Property(zwpseudo.extra_info)]</label>
							<visible>!String.Contains(ListItem.Property(zwpseudo.source),DIRECT) + !String.Contains(ListItem.Property(zwpseudo.source),LOCAL) + !String.Contains(ListItem.Property(zwpseudo.source),UNCACHED) + !String.Contains(ListItem.Property(zwpseudo.source),CLOUD)</visible>
						</control>
						<control type="label">
							<description>Line2 uncached torrents</description>
							<font>font13</font>
							<textcolor>FF696969</textcolor>
							<align>left</align>
							<aligny>top</aligny>
							<label>$INFO[ListItem.Property(zwpseudo.size_label)]   [COLOR $INFO[Window().Property(zwpseudo.highlight.color)]]|[/COLOR]   $INFO[ListItem.Property(zwpseudo.debrid)]   [COLOR $INFO[Window().Property(zwpseudo.highlight.color)]]|[/COLOR]   $INFO[ListItem.Property(zwpseudo.provider)]   [COLOR $INFO[Window().Property(zwpseudo.highlight.color)]]|[/COLOR]   $INFO[ListItem.Property(zwpseudo.source)]   [COLOR $INFO[Window().Property(zwpseudo.highlight.color)]]|[/COLOR]   SEEDERS: $INFO[ListItem.Property(zwpseudo.seeders)]</label>
							<visible>!String.IsEqual(ListItem.Property(zwpseudo.source),LOAD UNCACHED TORRENTS) + String.Contains(ListItem.Property(zwpseudo.source),UNCACHED)</visible>
						</control>
						<control type="label">
							<description>Line2 direct or local links</description>
							<font>font13</font>
							<textcolor>white</textcolor>
							<align>left</align>
							<aligny>top</aligny>
							<label>$INFO[ListItem.Property(zwpseudo.size_label)]   [COLOR $INFO[Window().Property(zwpseudo.highlight.color)]]|[/COLOR]   $INFO[ListItem.Property(zwpseudo.source)]   [COLOR $INFO[Window().Property(zwpseudo.highlight.color)]]|[/COLOR]   $INFO[ListItem.Property(zwpseudo.provider)]</label>
							<visible>String.Contains(ListItem.Property(zwpseudo.source),DIRECT) | String.Contains(ListItem.Property(zwpseudo.source),LOCAL)</visible>
						</control>
						<control type="label">
							<description>Line2 hosters</description>
							<font>font13</font>
							<textcolor>white</textcolor>
							<align>left</align>
							<aligny>top</aligny>
							<label>$INFO[ListItem.Property(zwpseudo.size_label)]   [COLOR $INFO[Window().Property(zwpseudo.highlight.color)]]|[/COLOR]   $INFO[ListItem.Property(zwpseudo.debrid)]   [COLOR $INFO[Window().Property(zwpseudo.highlight.color)]]|[/COLOR]   $INFO[ListItem.Property(zwpseudo.provider)]   [COLOR $INFO[Window().Property(zwpseudo.highlight.color)]]|[/COLOR]   $INFO[ListItem.Property(zwpseudo.source)]   [COLOR $INFO[Window().Property(zwpseudo.highlight.color)]]|[/COLOR]   HOSTER</label>
							<visible>!String.Contains(ListItem.Property(zwpseudo.source),UNCHECKED) + !String.Contains(ListItem.Property(zwpseudo.source),DIRECT) + !String.Contains(ListItem.Property(zwpseudo.source),LOCAL) + !String.Contains(ListItem.Property(zwpseudo.source),TORRENT) + !String.IsEqual(ListItem.Property(zwpseudo.source),CLOUD)</visible>
						</control>
					</control>
				</itemlayout>
				<focusedlayout height="100">
					<control type="image">
						<left>0</left>
						<top>0</top>
						<width>1343</width>
						<height>100</height>
						<texture colordiffuse="$INFO[Window().Property(zwpseudo.highlight.color)]" flipx="true">common/gradient-diffuse-horizontal.png</texture>
					</control>
					<control type="image">
						<description>Quality Icon</description>
						<left>0</left>
						<top>0</top>
						<width>100</width>
						<height>100</height>
						<aspectratio>keep</aspectratio>
						<texture>$INFO[ListItem.Property(zwpseudo.quality_icon)]</texture>
					</control>
					<control type="group">
						<left>110</left>
						<top>50</top>
						<width>1240</width>
						<height>25</height>
						<control type="label">
							<description>Line1 link name</description>
							<top>-35</top>
							<font>font12</font>
							<textcolor>white</textcolor>
							<align>left</align>
							<aligny>top</aligny>
							<label>[B]$INFO[ListItem.Property(zwpseudo.count)]  $INFO[ListItem.Property(zwpseudo.name)][/B]</label>
						</control>
						<control type="label">
							<description>Line2 link name LOAD UNCACHED TORRENTS</description>
							<font>font13</font>
							<textcolor>white</textcolor>
							<align>left</align>
							<aligny>top</aligny>
							<label>[B]$INFO[ListItem.Property(zwpseudo.size_label)] UNCACHED TORRENTS[/B]</label>
							<visible>String.IsEqual(ListItem.Property(zwpseudo.source),LOAD UNCACHED TORRENTS)</visible>
						</control>
						<control type="label">
							<description>Line2 cloud file</description>
							<font>font13</font>
							<textcolor>black</textcolor>
							<align>left</align>
							<aligny>top</aligny>
							<label>[B]$INFO[ListItem.Property(zwpseudo.size_label)]  |  $INFO[ListItem.Property(zwpseudo.debrid)]  |  $INFO[ListItem.Property(zwpseudo.source)][/B]</label>
							<visible>String.IsEqual(ListItem.Property(zwpseudo.source),CLOUD)</visible>
						</control>
						<control type="label">
							<description>Line2 cached torrents</description>
							<font>font13</font>
							<textcolor>white</textcolor>
							<align>left</align>
							<aligny>top</aligny>
							<label>[B]$INFO[ListItem.Property(zwpseudo.size_label)]  |  $INFO[ListItem.Property(zwpseudo.debrid)]  |  $INFO[ListItem.Property(zwpseudo.provider)]  |  $INFO[ListItem.Property(zwpseudo.source)]  |  $INFO[ListItem.Property(zwpseudo.extra_info)][/B]</label>
							<visible>!String.Contains(ListItem.Property(zwpseudo.source),DIRECT) + !String.Contains(ListItem.Property(zwpseudo.source),LOCAL) + !String.Contains(ListItem.Property(zwpseudo.source),UNCACHED) + !String.Contains(ListItem.Property(zwpseudo.source),CLOUD)</visible>
						</control>
						<control type="label">
							<description>Line2 uncached torrents</description>
							<font>font13</font>
							<textcolor>black</textcolor>
							<align>left</align>
							<aligny>top</aligny>
							<label>[B]$INFO[ListItem.Property(zwpseudo.size_label)]  |  $INFO[ListItem.Property(zwpseudo.debrid)]  |  $INFO[ListItem.Property(zwpseudo.provider)]  |  $INFO[ListItem.Property(zwpseudo.source)]  |  SEEDERS: $INFO[ListItem.Property(zwpseudo.seeders)][/B]</label>
							<visible>!String.IsEqual(ListItem.Property(zwpseudo.source),LOAD UNCACHED TORRENTS) + String.Contains(ListItem.Property(zwpseudo.source),UNCACHED)</visible>
						</control>
						<control type="label">
							<description>Line2 direct or local links</description>
							<font>font13</font>
							<textcolor>black</textcolor>
							<align>left</align>
							<aligny>top</aligny>
							<label>[B]$INFO[ListItem.Property(zwpseudo.size_label)]  |  $INFO[ListItem.Property(zwpseudo.source)]  |  $INFO[ListItem.Property(zwpseudo.provider)][/B]</label>
							<visible>String.Contains(ListItem.Property(zwpseudo.source),DIRECT) | String.Contains(ListItem.Property(zwpseudo.source),LOCAL)</visible>
						</control>
						<control type="label">
							<description>Line2 hosters</description>
							<font>font13</font>
							<textcolor>black</textcolor>
							<align>left</align>
							<aligny>top</aligny>
							<label>[B]$INFO[ListItem.Property(zwpseudo.size_label)]  |  $INFO[ListItem.Property(zwpseudo.debrid)]  |  $INFO[ListItem.Property(zwpseudo.provider)]  |  $INFO[ListItem.Property(zwpseudo.source)]  |  HOSTER[/B]</label>
							<visible>!String.Contains(ListItem.Property(zwpseudo.source),UNCHECKED) + !String.Contains(ListItem.Property(zwpseudo.source),DIRECT) + !String.Contains(ListItem.Property(zwpseudo.source),LOCAL) + !String.Contains(ListItem.Property(zwpseudo.source),TORRENT) + !String.IsEqual(ListItem.Property(zwpseudo.source),CLOUD)</visible>
						</control>
					</control>
				</focusedlayout>
			</control>
			<control type="grouplist" id="2002">
				<description>Info icons</description>
				<left>110</left>
				<top>965</top>
				<width>1250</width>
				<height>100</height>
				<itemgap>25</itemgap>
				<orientation>horizontal</orientation>
				<control type="image">
					<description>Dolby Vision Icon</description>
					<width>100</width>
					<aspectratio>keep</aspectratio>
					<texture>source/dv.png</texture>
					<visible>String.Contains(Container(2000).ListItem.Property(zwpseudo.extra_info),DOLBY-VISION)</visible>
				</control>
				<control type="image">
					<description>HDR Icon</description>
					<width>100</width>
					<aspectratio>keep</aspectratio>
					<texture>source/hdr.png</texture>
					<visible>String.Contains(Container(2000).ListItem.Property(zwpseudo.extra_info),HDR) + !String.Contains(Container(2000).ListItem.Property(zwpseudo.extra_info),HDRIP)</visible>
				</control>
				<control type="image">
					<description>3D Icon</description>
					<width>100</width>
					<aspectratio>keep</aspectratio>
					<texture>source/3d.png</texture>
					<visible>String.Contains(Container(2000).ListItem.Property(zwpseudo.extra_info),3D)</visible>
				</control>
				<control type="image">
					<description>HEVC/H.265 Icon</description>
					<width>100</width>
					<aspectratio>keep</aspectratio>
					<texture>source/hevc.png</texture>
					<visible>String.Contains(Container(2000).ListItem.Property(zwpseudo.extra_info),HEVC) | [String.Contains(Container(2000).ListItem.Property(zwpseudo.extra_info),DOLBY-VISION) | String.Contains(Container(2000).ListItem.Property(zwpseudo.extra_info),HDR)] + !String.Contains(Container(2000).ListItem.Property(zwpseudo.extra_info),HDRIP) + !String.Contains(Container(2000).ListItem.Property(zwpseudo.extra_info),AVC)</visible>
				</control>
				<control type="image">
					<description>AVC/H.264 Icon</description>
					<width>100</width>
					<aspectratio>keep</aspectratio>
					<texture>source/h264.png</texture>
					<visible>String.Contains(Container(2000).ListItem.Property(zwpseudo.extra_info),AVC)</visible>
				</control>
				<control type="image">
					<description>MPEG Icon</description>
					<width>100</width>
					<aspectratio>keep</aspectratio>
					<texture>source/mpeg_video.png</texture>
					<visible>String.Contains(Container(2000).ListItem.Property(zwpseudo.extra_info),MPEG)</visible>
				</control>
				<control type="image">
					<description>WMV Icon</description>
					<width>100</width>
					<aspectratio>keep</aspectratio>
					<texture>source/wmv2.png</texture>
					<visible>String.Contains(Container(2000).ListItem.Property(zwpseudo.extra_info),WMV)</visible>
				</control>
				<control type="image">
					<description>AVI Icon</description>
					<width>100</width>
					<aspectratio>keep</aspectratio>
					<texture>source/avi.png</texture>
					<visible>String.Contains(Container(2000).ListItem.Property(zwpseudo.extra_info),AVI)</visible>
				</control>
				<control type="image">
					<description>MKV Icon</description>
					<width>100</width>
					<aspectratio>keep</aspectratio>
					<texture>source/mkv2.png</texture>
					<visible>String.Contains(Container(2000).ListItem.Property(zwpseudo.extra_info),MKV)</visible>
				</control>
				<control type="image">
					<description>DIVX Icon</description>
					<width>100</width>
					<aspectratio>keep</aspectratio>
					<texture>source/divx.png</texture>
					<visible>String.Contains(Container(2000).ListItem.Property(zwpseudo.extra_info),DIVX)</visible>
				</control>
				<control type="image">
					<description>XVID Icon</description>
					<width>100</width>
					<aspectratio>keep</aspectratio>
					<texture>source/xvid.png</texture>
					<visible>String.Contains(Container(2000).ListItem.Property(zwpseudo.extra_info),XVID)</visible>
				</control>
				<control type="image">
					<description>BLURAY Icon</description>
					<width>100</width>
					<aspectratio>keep</aspectratio>
					<texture>source/bluray.png</texture>
					<visible>String.Contains(Container(2000).ListItem.Property(zwpseudo.extra_info),BLURAY)</visible>
				</control>
				<control type="image">
					<description>M2TS Icon</description>
					<width>100</width>
					<aspectratio>keep</aspectratio>
					<texture>source/m2ts.png</texture>
					<visible>String.Contains(Container(2000).ListItem.Property(zwpseudo.extra_info),M2TS)</visible>
				</control>
				<control type="image">
					<description>HDTV Icon</description>
					<width>100</width>
					<aspectratio>keep</aspectratio>
					<texture>source/hdtv.png</texture>
					<visible>String.Contains(Container(2000).ListItem.Property(zwpseudo.extra_info),HDTV)</visible>
				</control>
				<control type="image">
					<description>WEB-DL Icon</description>
					<width>100</width>
					<aspectratio>keep</aspectratio>
					<texture>source/web-dl.png</texture>
					<visible>String.Contains(Container(2000).ListItem.Property(zwpseudo.extra_info),WEB)</visible>
				</control>
				<control type="image">
					<description>DVD Icon</description>
					<width>100</width>
					<aspectratio>keep</aspectratio>
					<texture>source/dvd.png</texture>
					<visible>String.Contains(Container(2000).ListItem.Property(zwpseudo.extra_info),DVDRIP)</visible>
				</control>
				<control type="image">
					<description>DOLBY-ATMOS Icon</description>
					<width>100</width>
					<aspectratio>keep</aspectratio>
					<texture>audio/atmos.png</texture>
					<visible>String.Contains(Container(2000).ListItem.Property(zwpseudo.extra_info),ATMOS)</visible>
				</control>
				<control type="image">
					<description>DOLBY-TRUEHD Icon</description>
					<width>100</width>
					<aspectratio>keep</aspectratio>
					<texture>audio/dolbytruehd.png</texture>
					<visible>String.Contains(Container(2000).ListItem.Property(zwpseudo.extra_info),DOLBY-TRUEHD)</visible>
				</control>
				<control type="image">
					<description>DOLBY-DIGITAL Icon</description>
					<width>100</width>
					<aspectratio>keep</aspectratio>
					<texture>audio/dolbydigital.png</texture>
					<visible>String.Contains(Container(2000).ListItem.Property(zwpseudo.extra_info),DOLBYDIGITAL)</visible>
				</control>
				<control type="image">
					<description>DOLBY-DIGITAL PLUS/EAC3 Icon</description>
					<width>100</width>
					<aspectratio>keep</aspectratio>
					<texture>audio/eac3.png</texture>
					<visible>String.Contains(Container(2000).ListItem.Property(zwpseudo.extra_info),DD) + !String.Contains(Container(2000).ListItem.Property(zwpseudo.extra_info),DD-EX)</visible>
				</control>
				<control type="image">
					<description>DOLBY-DIGITAL EX Icon</description>
					<width>100</width>
					<aspectratio>keep</aspectratio>
					<texture>audio/dolbydigital_ex.jpg</texture>
					<visible>String.Contains(Container(2000).ListItem.Property(zwpseudo.extra_info),DD-EX)</visible>
				</control>
				<control type="image">
					<description>DTS-HD MA Icon</description>
					<width>100</width>
					<aspectratio>keep</aspectratio>
					<texture>audio/dtshd_ma.png</texture>
					<visible>String.Contains(Container(2000).ListItem.Property(zwpseudo.extra_info),DTS-HD MA)</visible>
				</control>
				<control type="image">
					<description>DTS-X Icon</description>
					<width>100</width>
					<aspectratio>keep</aspectratio>
					<texture>audio/dts_x.png</texture>
					<visible>String.Contains(Container(2000).ListItem.Property(zwpseudo.extra_info),DTS-X)</visible>
				</control>
				<control type="image">
					<description>DTS Icon</description>
					<width>100</width>
					<aspectratio>keep</aspectratio>
					<texture>audio/dts2.png</texture>
					<visible>String.Contains(Container(2000).ListItem.Property(zwpseudo.extra_info),DTS) + !String.Contains(Container(2000).ListItem.Property(zwpseudo.extra_info),DTS-X) + !String.Contains(Container(2000).ListItem.Property(zwpseudo.extra_info),DTS-HD MA)</visible>
				</control>
				<control type="image">
					<description>AAC Icon</description>
					<width>100</width>
					<aspectratio>keep</aspectratio>
					<texture>audio/aac.png</texture>
					<visible>String.Contains(Container(2000).ListItem.Property(zwpseudo.extra_info),AAC)</visible>
				</control>
				<control type="image">
					<description>MP3 Icon</description>
					<width>100</width>
					<aspectratio>keep</aspectratio>
					<texture>audio/mp3.png</texture>
					<visible>String.Contains(Container(2000).ListItem.Property(zwpseudo.extra_info),MP3)</visible>
				</control>
				<control type="image">
					<description>FLAC Icon</description>
					<width>100</width>
					<aspectratio>keep</aspectratio>
					<texture>audio/flac.png</texture>
					<visible>String.Contains(Container(2000).ListItem.Property(zwpseudo.extra_info),FLAC)</visible>
				</control>
				<control type="image">
					<description>MULTI-LANG Icon</description>
					<width>100</width>
					<aspectratio>keep</aspectratio>
					<texture>audio/multi_lingual.png</texture>
					<visible>String.Contains(Container(2000).ListItem.Property(zwpseudo.extra_info),MULTI-LANG)</visible>
				</control>
				<control type="image">
					<description>2CH Icon</description>
					<width>100</width>
					<aspectratio>keep</aspectratio>
					<texture>channels/2.png</texture>
					<visible>String.Contains(Container(2000).ListItem.Property(zwpseudo.extra_info),2CH)</visible>
				</control>
				<control type="image">
					<description>6CH Icon</description>
					<width>100</width>
					<aspectratio>keep</aspectratio>
					<texture>channels/6.png</texture>
					<visible>String.Contains(Container(2000).ListItem.Property(zwpseudo.extra_info),6CH)</visible>
				</control>
				<control type="image">
					<description>7CH Icon</description>
					<width>100</width>
					<aspectratio>keep</aspectratio>
					<texture>channels/7.png</texture>
					<visible>String.Contains(Container(2000).ListItem.Property(zwpseudo.extra_info),7CH)</visible>
				</control>
				<control type="image">
					<description>8CH Icon</description>
					<width>100</width>
					<aspectratio>keep</aspectratio>
					<texture>channels/8.png</texture>
					<visible>String.Contains(Container(2000).ListItem.Property(zwpseudo.extra_info),8CH)</visible>
				</control>
			</control>
		</control>
		<control type="group">
			<visible>String.IsEqual(Window().Property(zwpseudo.wide_list),true)</visible>
			<centerleft>50%</centerleft>
			<width>1520</width>
			<control type="fixedlist" id="2001">
				<focusposition>3</focusposition>
				<movement>4</movement>
				<description>Source Select List</description>
				<viewtype>list</viewtype>
				<left>0</left>
				<top>150</top>
				<width>1520</width>
				<height>800</height>
				<scrolltime tween="sine">400</scrolltime>
				<orientation>Vertical</orientation>
				<itemlayout height="100">
					<control type="image">
						<description>Quality Icon</description>
						<left>0</left>
						<top>0</top>
						<width>100</width>
						<height>100</height>
						<aspectratio>keep</aspectratio>
						<texture colordiffuse="80FFFFFF">$INFO[ListItem.Property(zwpseudo.quality_icon)]</texture>
					</control>
					<control type="group">
						<left>110</left>
						<top>50</top>
						<width>1410</width>
						<height>25</height>
						<control type="label">
							<description>Line1 link name</description>
							<top>-35</top>
							<font>font12</font>
							<textcolor>white</textcolor>
							<align>left</align>
							<aligny>top</aligny>
							<label>[B][COLOR $INFO[Window().Property(zwpseudo.highlight.color)]]$INFO[ListItem.Property(zwpseudo.count)]  $INFO[ListItem.Property(zwpseudo.name)][/COLOR][/B]</label>
							<visible>!String.Contains(ListItem.Property(zwpseudo.source),UNCACHED)</visible>
						</control>
						<control type="label">
							<description>Line1 link name UNCACHED TORRENTS</description>
							<top>-35</top>
							<font>font12</font>
							<textcolor>FF696969</textcolor>
							<align>left</align>
							<aligny>top</aligny>
							<label>[B]$INFO[ListItem.Property(zwpseudo.count)]  $INFO[ListItem.Property(zwpseudo.name)][/B]</label>
							<visible>String.Contains(ListItem.Property(zwpseudo.source),UNCACHED)</visible>
						</control>
						<control type="label">
							<description>Line2 link name LOAD UNCACHED TORRENTS</description>
							<font>font13</font>
							<textcolor>FF696969</textcolor>
							<align>left</align>
							<aligny>top</aligny>
							<label>$INFO[ListItem.Property(zwpseudo.size_label)] UNCACHED TORRENTS</label>
							<visible>String.IsEqual(ListItem.Property(zwpseudo.source),LOAD UNCACHED TORRENTS)</visible>
						</control>
						<control type="label">
							<description>Line2 cloud file</description>
							<font>font13</font>
							<textcolor>white</textcolor>
							<align>left</align>
							<aligny>top</aligny>
							<label>$INFO[ListItem.Property(zwpseudo.size_label)]   [COLOR $INFO[Window().Property(zwpseudo.highlight.color)]]|[/COLOR]   $INFO[ListItem.Property(zwpseudo.debrid)]   [COLOR $INFO[Window().Property(zwpseudo.highlight.color)]]|[/COLOR]   $INFO[ListItem.Property(zwpseudo.source)]</label>
							<visible>String.IsEqual(ListItem.Property(zwpseudo.source),CLOUD)</visible>
						</control>
						<control type="label">
							<description>Line2 cached torrents</description>
							<font>font13</font>
							<textcolor>white</textcolor>
							<align>left</align>
							<aligny>top</aligny>
							<label>$INFO[ListItem.Property(zwpseudo.size_label)]   [COLOR $INFO[Window().Property(zwpseudo.highlight.color)]]|[/COLOR]   $INFO[ListItem.Property(zwpseudo.debrid)]   [COLOR $INFO[Window().Property(zwpseudo.highlight.color)]]|[/COLOR]   $INFO[ListItem.Property(zwpseudo.provider)]   [COLOR $INFO[Window().Property(zwpseudo.highlight.color)]]|[/COLOR]   $INFO[ListItem.Property(zwpseudo.source)]   [COLOR $INFO[Window().Property(zwpseudo.highlight.color)]]|[/COLOR]   $INFO[ListItem.Property(zwpseudo.extra_info)]</label>
							<visible>!String.Contains(ListItem.Property(zwpseudo.source),DIRECT) + !String.Contains(ListItem.Property(zwpseudo.source),LOCAL) + !String.Contains(ListItem.Property(zwpseudo.source),UNCACHED) + !String.Contains(ListItem.Property(zwpseudo.source),CLOUD)</visible>
						</control>
						<control type="label">
							<description>Line2 uncached torrents</description>
							<font>font13</font>
							<textcolor>FF696969</textcolor>
							<align>left</align>
							<aligny>top</aligny>
							<label>$INFO[ListItem.Property(zwpseudo.size_label)]   [COLOR $INFO[Window().Property(zwpseudo.highlight.color)]]|[/COLOR]   $INFO[ListItem.Property(zwpseudo.debrid)]   [COLOR $INFO[Window().Property(zwpseudo.highlight.color)]]|[/COLOR]   $INFO[ListItem.Property(zwpseudo.provider)]   [COLOR $INFO[Window().Property(zwpseudo.highlight.color)]]|[/COLOR]   $INFO[ListItem.Property(zwpseudo.source)]   [COLOR $INFO[Window().Property(zwpseudo.highlight.color)]]|[/COLOR]   SEEDERS: $INFO[ListItem.Property(zwpseudo.seeders)]</label>
							<visible>!String.IsEqual(ListItem.Property(zwpseudo.source),LOAD UNCACHED TORRENTS) + String.Contains(ListItem.Property(zwpseudo.source),UNCACHED)</visible>
						</control>
						<control type="label">
							<description>Line2 direct or local links</description>
							<font>font13</font>
							<textcolor>white</textcolor>
							<align>left</align>
							<aligny>top</aligny>
							<label>$INFO[ListItem.Property(zwpseudo.size_label)]   [COLOR $INFO[Window().Property(zwpseudo.highlight.color)]]|[/COLOR]   $INFO[ListItem.Property(zwpseudo.source)]   [COLOR $INFO[Window().Property(zwpseudo.highlight.color)]]|[/COLOR]   $INFO[ListItem.Property(zwpseudo.provider)]</label>
							<visible>String.Contains(ListItem.Property(zwpseudo.source),DIRECT) | String.Contains(ListItem.Property(zwpseudo.source),LOCAL)</visible>
						</control>
						<control type="label">
							<description>Line2 hosters</description>
							<font>font13</font>
							<textcolor>white</textcolor>
							<align>left</align>
							<aligny>top</aligny>
							<label>$INFO[ListItem.Property(zwpseudo.size_label)]   [COLOR $INFO[Window().Property(zwpseudo.highlight.color)]]|[/COLOR]   $INFO[ListItem.Property(zwpseudo.debrid)]   [COLOR $INFO[Window().Property(zwpseudo.highlight.color)]]|[/COLOR]   $INFO[ListItem.Property(zwpseudo.provider)]   [COLOR $INFO[Window().Property(zwpseudo.highlight.color)]]|[/COLOR]   $INFO[ListItem.Property(zwpseudo.source)]   [COLOR $INFO[Window().Property(zwpseudo.highlight.color)]]|[/COLOR]   HOSTER</label>
							<visible>!String.Contains(ListItem.Property(zwpseudo.source),UNCHECKED) + !String.Contains(ListItem.Property(zwpseudo.source),DIRECT) + !String.Contains(ListItem.Property(zwpseudo.source),LOCAL) + !String.Contains(ListItem.Property(zwpseudo.source),TORRENT) + !String.IsEqual(ListItem.Property(zwpseudo.source),CLOUD)</visible>
						</control>
					</control>
				</itemlayout>
				<focusedlayout height="100">
					<control type="image">
						<left>0</left>
						<top>0</top>
						<width>1520</width>
						<height>100</height>
						<texture colordiffuse="$INFO[Window().Property(zwpseudo.highlight.color)]" flipx="true">common/gradient-diffuse-horizontal.png</texture>
					</control>
					<control type="image">
						<description>Quality Icon</description>
						<left>0</left>
						<top>0</top>
						<width>100</width>
						<height>100</height>
						<aspectratio>keep</aspectratio>
						<texture>$INFO[ListItem.Property(zwpseudo.quality_icon)]</texture>
					</control>
					<control type="group">
						<left>110</left>
						<top>50</top>
						<width>1410</width>
						<height>25</height>
						<control type="label">
							<description>Line1 link name</description>
							<top>-35</top>
							<font>font12</font>
							<textcolor>white</textcolor>
							<align>left</align>
							<aligny>top</aligny>
							<label>[B]$INFO[ListItem.Property(zwpseudo.count)]  $INFO[ListItem.Property(zwpseudo.name)][/B]</label>
						</control>
						<control type="label">
							<description>Line2 link name LOAD UNCACHED TORRENTS</description>
							<font>font13</font>
							<textcolor>white</textcolor>
							<align>left</align>
							<aligny>top</aligny>
							<label>[B]$INFO[ListItem.Property(zwpseudo.size_label)] UNCACHED TORRENTS[/B]</label>
							<visible>String.IsEqual(ListItem.Property(zwpseudo.source),LOAD UNCACHED TORRENTS)</visible>
						</control>
						<control type="label">
							<description>Line2 cloud file</description>
							<font>font13</font>
							<textcolor>black</textcolor>
							<align>left</align>
							<aligny>top</aligny>
							<label>[B]$INFO[ListItem.Property(zwpseudo.size_label)]  |  $INFO[ListItem.Property(zwpseudo.debrid)]  |  $INFO[ListItem.Property(zwpseudo.source)][/B]</label>
							<visible>String.IsEqual(ListItem.Property(zwpseudo.source),CLOUD)</visible>
						</control>
						<control type="label">
							<description>Line2 cached torrents</description>
							<font>font13</font>
							<textcolor>white</textcolor>
							<align>left</align>
							<aligny>top</aligny>
							<label>[B]$INFO[ListItem.Property(zwpseudo.size_label)]  |  $INFO[ListItem.Property(zwpseudo.debrid)]  |  $INFO[ListItem.Property(zwpseudo.provider)]  |  $INFO[ListItem.Property(zwpseudo.source)]  |  $INFO[ListItem.Property(zwpseudo.extra_info)][/B]</label>
							<visible>!String.Contains(ListItem.Property(zwpseudo.source),DIRECT) + !String.Contains(ListItem.Property(zwpseudo.source),LOCAL) + !String.Contains(ListItem.Property(zwpseudo.source),UNCACHED) + !String.Contains(ListItem.Property(zwpseudo.source),CLOUD)</visible>
						</control>
						<control type="label">
							<description>Line2 uncached torrents</description>
							<font>font13</font>
							<textcolor>black</textcolor>
							<align>left</align>
							<aligny>top</aligny>
							<label>[B]$INFO[ListItem.Property(zwpseudo.size_label)]  |  $INFO[ListItem.Property(zwpseudo.debrid)]  |  $INFO[ListItem.Property(zwpseudo.provider)]  |  $INFO[ListItem.Property(zwpseudo.source)]  |  SEEDERS: $INFO[ListItem.Property(zwpseudo.seeders)][/B]</label>
							<visible>!String.IsEqual(ListItem.Property(zwpseudo.source),LOAD UNCACHED TORRENTS) + String.Contains(ListItem.Property(zwpseudo.source),UNCACHED)</visible>
						</control>
						<control type="label">
							<description>Line2 direct or local links</description>
							<font>font13</font>
							<textcolor>black</textcolor>
							<align>left</align>
							<aligny>top</aligny>
							<label>[B]$INFO[ListItem.Property(zwpseudo.size_label)]  |  $INFO[ListItem.Property(zwpseudo.source)]  |  $INFO[ListItem.Property(zwpseudo.provider)][/B]</label>
							<visible>String.Contains(ListItem.Property(zwpseudo.source),DIRECT) | String.Contains(ListItem.Property(zwpseudo.source),LOCAL)</visible>
						</control>
						<control type="label">
							<description>Line2 hosters</description>
							<font>font13</font>
							<textcolor>black</textcolor>
							<align>left</align>
							<aligny>top</aligny>
							<label>[B]$INFO[ListItem.Property(zwpseudo.size_label)]  |  $INFO[ListItem.Property(zwpseudo.debrid)]  |  $INFO[ListItem.Property(zwpseudo.provider)]  |  $INFO[ListItem.Property(zwpseudo.source)]  |  HOSTER[/B]</label>
							<visible>!String.Contains(ListItem.Property(zwpseudo.source),UNCHECKED) + !String.Contains(ListItem.Property(zwpseudo.source),DIRECT) + !String.Contains(ListItem.Property(zwpseudo.source),LOCAL) + !String.Contains(ListItem.Property(zwpseudo.source),TORRENT) + !String.IsEqual(ListItem.Property(zwpseudo.source),CLOUD)</visible>
						</control>
					</control>
				</focusedlayout>
			</control>
			<control type="grouplist" id="2003">
				<description>Info icons</description>
				<left>110</left>
				<top>965</top>
				<width>1410</width>
				<height>100</height>
				<itemgap>25</itemgap>
				<orientation>horizontal</orientation>
				<control type="image">
					<description>Dolby Vision Icon</description>
					<width>100</width>
					<aspectratio>keep</aspectratio>
					<texture>source/dv.png</texture>
					<visible>String.Contains(Container(2001).ListItem.Property(zwpseudo.extra_info),DOLBY-VISION)</visible>
				</control>
				<control type="image">
					<description>HDR Icon</description>
					<width>100</width>
					<aspectratio>keep</aspectratio>
					<texture>source/hdr.png</texture>
					<visible>String.Contains(Container(2001).ListItem.Property(zwpseudo.extra_info),HDR) + !String.Contains(Container(2001).ListItem.Property(zwpseudo.extra_info),HDRIP)</visible>
				</control>
				<control type="image">
					<description>3D Icon</description>
					<width>100</width>
					<aspectratio>keep</aspectratio>
					<texture>source/3d.png</texture>
					<visible>String.Contains(Container(2001).ListItem.Property(zwpseudo.extra_info),3D)</visible>
				</control>
				<control type="image">
					<description>HEVC/H.265 Icon</description>
					<width>100</width>
					<aspectratio>keep</aspectratio>
					<texture>source/hevc.png</texture>
					<visible>String.Contains(Container(2001).ListItem.Property(zwpseudo.extra_info),HEVC) | [String.Contains(Container(2001).ListItem.Property(zwpseudo.extra_info),DOLBY-VISION) | String.Contains(Container(2001).ListItem.Property(zwpseudo.extra_info),HDR)] + !String.Contains(Container(2001).ListItem.Property(zwpseudo.extra_info),HDRIP) + !String.Contains(Container(2001).ListItem.Property(zwpseudo.extra_info),AVC)</visible>
				</control>
				<control type="image">
					<description>AVC/H.264 Icon</description>
					<width>100</width>
					<aspectratio>keep</aspectratio>
					<texture>source/h264.png</texture>
					<visible>String.Contains(Container(2001).ListItem.Property(zwpseudo.extra_info),AVC)</visible>
				</control>
				<control type="image">
					<description>MPEG Icon</description>
					<width>100</width>
					<aspectratio>keep</aspectratio>
					<texture>source/mpeg_video.png</texture>
					<visible>String.Contains(Container(2001).ListItem.Property(zwpseudo.extra_info),MPEG)</visible>
				</control>
				<control type="image">
					<description>WMV Icon</description>
					<width>100</width>
					<aspectratio>keep</aspectratio>
					<texture>source/wmv2.png</texture>
					<visible>String.Contains(Container(2001).ListItem.Property(zwpseudo.extra_info),WMV)</visible>
				</control>
				<control type="image">
					<description>AVI Icon</description>
					<width>100</width>
					<aspectratio>keep</aspectratio>
					<texture>source/avi.png</texture>
					<visible>String.Contains(Container(2001).ListItem.Property(zwpseudo.extra_info),AVI)</visible>
				</control>
				<control type="image">
					<description>MKV Icon</description>
					<width>100</width>
					<aspectratio>keep</aspectratio>
					<texture>source/mkv2.png</texture>
					<visible>String.Contains(Container(2001).ListItem.Property(zwpseudo.extra_info),MKV)</visible>
				</control>
				<control type="image">
					<description>DIVX Icon</description>
					<width>100</width>
					<aspectratio>keep</aspectratio>
					<texture>source/divx.png</texture>
					<visible>String.Contains(Container(2001).ListItem.Property(zwpseudo.extra_info),DIVX)</visible>
				</control>
				<control type="image">
					<description>XVID Icon</description>
					<width>100</width>
					<aspectratio>keep</aspectratio>
					<texture>source/xvid.png</texture>
					<visible>String.Contains(Container(2001).ListItem.Property(zwpseudo.extra_info),XVID)</visible>
				</control>
				<control type="image">
					<description>BLURAY Icon</description>
					<width>100</width>
					<aspectratio>keep</aspectratio>
					<texture>source/bluray.png</texture>
					<visible>String.Contains(Container(2001).ListItem.Property(zwpseudo.extra_info),BLURAY)</visible>
				</control>
				<control type="image">
					<description>M2TS Icon</description>
					<width>100</width>
					<aspectratio>keep</aspectratio>
					<texture>source/m2ts.png</texture>
					<visible>String.Contains(Container(2001).ListItem.Property(zwpseudo.extra_info),M2TS)</visible>
				</control>
				<control type="image">
					<description>HDTV Icon</description>
					<width>100</width>
					<aspectratio>keep</aspectratio>
					<texture>source/hdtv.png</texture>
					<visible>String.Contains(Container(2001).ListItem.Property(zwpseudo.extra_info),HDTV)</visible>
				</control>
				<control type="image">
					<description>WEB-DL Icon</description>
					<width>100</width>
					<aspectratio>keep</aspectratio>
					<texture>source/web-dl.png</texture>
					<visible>String.Contains(Container(2001).ListItem.Property(zwpseudo.extra_info),WEB)</visible>
				</control>
				<control type="image">
					<description>DVD Icon</description>
					<width>100</width>
					<aspectratio>keep</aspectratio>
					<texture>source/dvd.png</texture>
					<visible>String.Contains(Container(2001).ListItem.Property(zwpseudo.extra_info),DVDRIP)</visible>
				</control>
				<control type="image">
					<description>DOLBY-ATMOS Icon</description>
					<width>100</width>
					<aspectratio>keep</aspectratio>
					<texture>audio/atmos.png</texture>
					<visible>String.Contains(Container(2001).ListItem.Property(zwpseudo.extra_info),ATMOS)</visible>
				</control>
				<control type="image">
					<description>DOLBY-TRUEHD Icon</description>
					<width>100</width>
					<aspectratio>keep</aspectratio>
					<texture>audio/dolbytruehd.png</texture>
					<visible>String.Contains(Container(2001).ListItem.Property(zwpseudo.extra_info),DOLBY-TRUEHD)</visible>
				</control>
				<control type="image">
					<description>DOLBY-DIGITAL Icon</description>
					<width>100</width>
					<aspectratio>keep</aspectratio>
					<texture>audio/dolbydigital.png</texture>
					<visible>String.Contains(Container(2001).ListItem.Property(zwpseudo.extra_info),DOLBYDIGITAL)</visible>
				</control>
				<control type="image">
					<description>DOLBY-DIGITAL PLUS/EAC3 Icon</description>
					<width>100</width>
					<aspectratio>keep</aspectratio>
					<texture>audio/eac3.png</texture>
					<visible>String.Contains(Container(2001).ListItem.Property(zwpseudo.extra_info),DD) + !String.Contains(Container(2001).ListItem.Property(zwpseudo.extra_info),DD-EX)</visible>
				</control>
				<control type="image">
					<description>DOLBY-DIGITAL EX Icon</description>
					<width>100</width>
					<aspectratio>keep</aspectratio>
					<texture>audio/dolbydigital_ex.jpg</texture>
					<visible>String.Contains(Container(2001).ListItem.Property(zwpseudo.extra_info),DD-EX)</visible>
				</control>
				<control type="image">
					<description>DTS-HD MA Icon</description>
					<width>100</width>
					<aspectratio>keep</aspectratio>
					<texture>audio/dtshd_ma.png</texture>
					<visible>String.Contains(Container(2001).ListItem.Property(zwpseudo.extra_info),DTS-HD MA)</visible>
				</control>
				<control type="image">
					<description>DTS-X Icon</description>
					<width>100</width>
					<aspectratio>keep</aspectratio>
					<texture>audio/dts_x.png</texture>
					<visible>String.Contains(Container(2001).ListItem.Property(zwpseudo.extra_info),DTS-X)</visible>
				</control>
				<control type="image">
					<description>DTS Icon</description>
					<width>100</width>
					<aspectratio>keep</aspectratio>
					<texture>audio/dts2.png</texture>
					<visible>String.Contains(Container(2001).ListItem.Property(zwpseudo.extra_info),DTS) + !String.Contains(Container(2001).ListItem.Property(zwpseudo.extra_info),DTS-X) + !String.Contains(Container(2001).ListItem.Property(zwpseudo.extra_info),DTS-HD MA)</visible>
				</control>
				<control type="image">
					<description>AAC Icon</description>
					<width>100</width>
					<aspectratio>keep</aspectratio>
					<texture>audio/aac.png</texture>
					<visible>String.Contains(Container(2001).ListItem.Property(zwpseudo.extra_info),AAC)</visible>
				</control>
				<control type="image">
					<description>MP3 Icon</description>
					<width>100</width>
					<aspectratio>keep</aspectratio>
					<texture>audio/mp3.png</texture>
					<visible>String.Contains(Container(2001).ListItem.Property(zwpseudo.extra_info),MP3)</visible>
				</control>
				<control type="image">
					<description>FLAC Icon</description>
					<width>100</width>
					<aspectratio>keep</aspectratio>
					<texture>audio/flac.png</texture>
					<visible>String.Contains(Container(2001).ListItem.Property(zwpseudo.extra_info),FLAC)</visible>
				</control>
				<control type="image">
					<description>MULTI-LANG Icon</description>
					<width>100</width>
					<aspectratio>keep</aspectratio>
					<texture>audio/multi_lingual.png</texture>
					<visible>String.Contains(Container(2001).ListItem.Property(zwpseudo.extra_info),MULTI-LANG)</visible>
				</control>
				<control type="image">
					<description>2CH Icon</description>
					<width>100</width>
					<aspectratio>keep</aspectratio>
					<texture>channels/2.png</texture>
					<visible>String.Contains(Container(2001).ListItem.Property(zwpseudo.extra_info),2CH)</visible>
				</control>
				<control type="image">
					<description>6CH Icon</description>
					<width>100</width>
					<aspectratio>keep</aspectratio>
					<texture>channels/6.png</texture>
					<visible>String.Contains(Container(2001).ListItem.Property(zwpseudo.extra_info),6CH)</visible>
				</control>
				<control type="image">
					<description>7CH Icon</description>
					<width>100</width>
					<aspectratio>keep</aspectratio>
					<texture>channels/7.png</texture>
					<visible>String.Contains(Container(2001).ListItem.Property(zwpseudo.extra_info),7CH)</visible>
				</control>
				<control type="image">
					<description>8CH Icon</description>
					<width>100</width>
					<aspectratio>keep</aspectratio>
					<texture>channels/8.png</texture>
					<visible>String.Contains(Container(2001).ListItem.Property(zwpseudo.extra_info),8CH)</visible>
				</control>
			</control>
		</control>
	</controls>
</window>
